{
  "units": "dSpacing",
  "isLite": true,
  "xmins": [
    0.6,
    0.6094444444444445,
    0.6094444444444445,
    0.6661111111111111,
    0.6661111111111111,
    0.8820796460176992,
    1.1641592920353983,
    1.4462389380530973,
    1.7245575221238938,
    1.7245575221238938,
    1.7245575221238938,
    1.9363888888888887,
    1.9363888888888887,
    2.0066371681415927,
    2.0066371681415927,
    2.0066371681415927,
    2.0591666666666666,
    2.2924778761061946,
    2.578318584070796,
    2.8603982300884954,
    3.142477876106195
  ],
  "xmaxs": [
    0.8820796460176992,
    0.8880555555555556,
    0.8880555555555556,
    0.9447222222222222,
    0.9447222222222222,
    1.1641592920353983,
    1.4462389380530976,
    1.7283185840707964,
    2.0066371681415927,
    2.0066371681415927,
    2.0066371681415927,
    2.215,
    2.215,
    2.288716814159292,
    2.288716814159292,
    2.288716814159292,
    2.3377777777777777,
    2.574557522123894,
    2.8603982300884954,
    3.1424778761061947,
    3.424557522123894
  ],
  "spectraLsts": [
    "895,927,955-959,986-991,1018-1023,1824,1856-1857,1888-1890,1920-1922,1952-1954,1984-1986,2016-2018,3097-3103,3129-3135,3161-3167,3193-3199,3226-3231,3258-3263,3291-3295,3323-3327,3356-3359,3389-3391,4096-4098,4128-4131,4160-4163,4192-4195,4224-4227,4256-4259,4288-4290,4320-4321,5131-5136,5163-5168,5194-5200,5226-5232,5258-5264,5291-5296,5324-5328,5357-5360,5390,6461-6463,6493-6495,6524-6527,6556-6559,6588-6591,6620-6623,6652-6655,6684-6687,6716-6719,6728-6729,6749-6751,6759-6763,6781-6783,6791-6795,6815,6823-6827,6855-6859,6888-6890,6921,8399-8401,8430-8434,8461-8467,8493-8501,8525-8533,8557-8566,8589-8598,8621-8630,8654-8662,8686-8693,8719-8725,8753,10625-10627,10656-10660,10688-10692,10708,10720-10724,10739-10742,10753-10756,10770-10774,10786-10787,10802-10806,10834-10838,10865-10870,10897-10902,10929-10934,10961-10965,10994-10996,11480-11482,11511-11515,11543-11547,11575-11579,11608-11611,11641-11642,12357-12360,12389-12393,12420-12425,12453-12457,12485-12488,12519,13073-13076,13105-13108,13136-13141,13168-13173,13201-13204,13234-13235,14143,14175,14207,14443-14445,14474-14478,14506-14510,14538-14542,14570-14573,14603-14604,15104-15105,15136-15137,15168-15170,15200-15201,15232-15233,16077-16078,16107-16111,16139-16143,16171-16176,16202-16208,16233-16241,16265-16273,16297-16305,16329-16337,16362-16368,17982,18012-18015,18044-18047,18075-18079,18108-18111,18140-18143,18179-18182,18211-18214,18242-18247,18275-18279,18307-18310,18340-18341",
    "10134,10155-10175,10183-10207,10213-10239,11072-11074,11104-11107,11136-11139,11168-11172,11200-11203,11232-11235,12292-12319,12324-12351,12357-12366,12372,12382-12383,12390-12392,13312-13313,13344,13407,13439,13470-13471,13502-13503,13534-13535,13566-13567,13598-13599,13630-13631,13662-13663,13694-13695,13713-13714,13726-13727,13743-13748,13758-13759,13775-13780,13790-13791,13806-13813,13822-13823,13839-13844,13854-13855,13871-13876,13886-13887,13904-13907,13918-13919,13950-13951,13982-13983,14014-14015,14047,14368-14369,14400-14402,14432-14434,14464-14466,14496-14498,14528-14530,14560-14562,14592-14594,14624-14626,14656-14658,14688-14690,14720-14722,14752-14754,14784-14786,14816-14818,14848-14850,14880-14882,14912-14914,14944-14946,14976-14977,15008-15009,15040",
    "11038-11039,11069-11071,11101-11103,11133-11135,11165-11167,11197-11199,11229-11231,11261-11263,12064,12096,12128-12129,12160-12161,12171-12183,12185-12188,12192-12193,12202-12225,12229-12257,12260-12287,12318-12319,12350-12351,12381-12383,12413-12415,12445-12447,12477-12479,12509-12511,12541-12543,12573-12575,12605-12607,12637-12639,12669-12671,12701-12703,12733-12735,12765-12767,12797-12799,12829-12831,12861-12863,12894-12895,13312-13313,13341-13345,13373-13378,13406-13410,13438-13441,13472-13473,13504-13505,13536-13537,13568-13569,13600-13601,13632-13633,13664-13665,13696-13697,13728-13729,13760-13761,13792-13793,13824,13856,14336-14337,14340-14369,14372-14401,14405-14432,14442-14463,14478-14492,14512-14521",
    "2017-2019,2925-2927,2956-2960,2987-2993,3018-3025,3049-3057,3872-3873,3904-3905,3936-3938,3968-3970,4000-4002,4032-4033,4064,4096-4101,4128-4133,4160-4165,4192-4196,4226-4227,5128-5138,5160-5170,5193-5202,5225-5234,5256-5265,5288-5297,5320-5329,5352-5361,5385-5393,5418-5425,5451-5456,5485-5487,6559,6590-6591,6622-6623,6654-6655,6686-6687,6718-6719,7552-7553,7584-7585,7616-7617,7648-7650,7680-7681,7712-7713,7744,8368-8369,8399-8403,8430-8436,8462-8469,8494-8501,8526-8534,8559-8566,8591-8598,8622-8630,8653-8662,8685-8693,8716-8725,8748-8757,8781-8788,8813-8819,8847-8848,9983,10015,10563,10593-10597,10625-10629,10643-10644,10656-10662,10673-10677,10688-10694,10705-10710,10720-10726,10736-10742,10752-10758,10768-10774,10784-10789,10801-10805,10816-10821,10833-10838,10848-10853,10865-10870,10880-10884,10897-10902,10912-10916,10929-10934,10944-10947,10961-10966,10976-10980,10992-10998,11008-11011,11025-11030,11040-11043,11057-11062,11072-11074,11090-11093,11104,11137-11139,11168-11172,11200-11205,11232-11237,11384-11386,11415-11419,11446-11451,11478-11484,11510-11516,11542-11548,11574-11579,11606-11612,11638-11644,11670-11676,11702-11709,11734-11743,11767-11775,11799-11807,11832-11839,11864-11871,11897-11903,11931-11934,11964,12979-12980,13009-13014,13041-13046,13072-13078,13104-13110,13136-13142,13168-13174,13200-13206,13232-13238,13264-13270,13296-13302,13313-13316,13346,13950-13951,13981-13983,14013-14015,14045-14047,14077-14079,14109-14111,14142-14143,14174-14175,14206-14207,14238-14239,14270-14271,14302-14303,14334-14335,14976,15008,15040-15041,15072-15073,15104-15106,15136-15138,15168-15170,15200-15202,15232-15234,15264-15266,15296-15298,15328-15330,15918,15948-15953,15979-15986,16010-16018,16042-16051,16074-16083,16106-16115,16137-16148,16169-16180,16201-16212,16233-16243,16264-16275,16296-16307,16327-16339,16359-16371,16415,17408-17409,18082-18085,18113-18119,18145-18151,18176-18184,18208-18216,18240-18248,18272-18281,18304-18313,18336-18345,18368-18377,18401-18408",
    "9631,9662-9663,9694-9695,9726-9727,9757-9759,9789-9791,9821-9823,9853-9855,9885-9887,9917-9919,9949-9951,9981-9983,10014-10015,10046-10047,10592-10593,10624-10627,10656-10660,10688-10692,10720-10725,10750-10757,10781-10788,10813-10820,10845-10850,10877-10881,10909-10913,10942-10945,10974-10977,11006-11009,11039-11040,11147-11158,11168-11193,11195-11197,11200-11263,11744,11776,11808-11809,11840-11841,11854-11855,11872-11873,11884-11889,11904-11906,11916-11921,11936-11939,11947-11953,11968-11971,11980-11985,12000-12003,12012-12017,12032-12034,12045-12048,12064-12066,12096,13312-13375,13380-13386,13400-13406,14338-14343,14370-14375,14402-14408,14434-14439,14467-14471,14500-14501",
    "16522-16525,16554-16557,16585-16590,16617-16621,16650-16653,16683",
    "5713-5715,5742-5748,5773-5781,5805-5813,5837-5845,5869-5876,5902-5907",
    "917-918,948-951,979-984,992,1011-1017,2033-2034,3072-3073,3092-3098,3104-3105,3125-3130,3136-3137,3158-3163,3168-3169,3190-3196,3200-3201,3222-3228,3232-3234,3255-3260,3264-3266,3288-3293,3296-3298,3320-3325,3328-3330,3352-3358,3360-3362,3385-3390,3392-3393,3417-3425,3450-3455,3482-3487,3515-3519,3548-3551,3581-3583,3613-3615,3645-3647,3678-3679,3711,3743,4111-4116,4144-4149,4176-4181,4208-4214,4241-4246,4273-4279,4306-4311,4338-4344,4371-4376,4403-4408,4435-4441,4468-4473,4500-4506,4533-4538,4544,4565-4571,4576,4598-4603,4608-4609,4630-4636,4640-4641,4663-4668,4672-4674,4695-4701,4704-4706,4728-4733,4736-4738,4760-4765,4768-4771,4793-4798,4800-4803,4825-4830,4832-4835,4857-4868,4890-4900,4922-4932,4955-4965,4987-4997,5020-5030,5052-5055,5057-5062,5085-5087,5089-5094,5117-5119,6048,6080-6081,6112-6113,7170-7175,7199,7202-7207,7234-7240,7267-7272,7299-7304,7332-7336,7364-7367,7398,8192-8196,8224-8228,8256-8261,8288-8293,8320-8324,8354-8355,17214-17215,17246-17247,17278-17279,17310-17311,17342-17343,17374-17375,17406-17407,18208,18240,18272,18304-18305,18336-18338,18368-18370,18400-18402",
